,0,1,2,3,4,5,6,7,8,9,10,11,12,13,14,15,16
0,,Money Stock (Monthly),Money Stock (Monthly),Money Stock (Monthly),Money Stock (Monthly),Money Stock (Monthly),Money Stock (Monthly),Money Stock (Monthly),Money Stock (Monthly),Money Stock (Monthly),Money Stock (Monthly),Money Stock (Monthly),Money Stock (Monthly),Money Stock (Monthly),Money Stock (Monthly),Money Stock (Monthly),Money Stock (Monthly)
1,Name of time-series,M2/Percent changes from the previous year in average amounts outstanding/Money Stock (Formerseries for data through March 2004),M3/Percent changes from the previous year in average amounts outstanding/Money Stock (Formerseries for data through March 2004),_M1/Percent changes from the previous year in average amounts outstanding/Money Stock (Formerseries for data through March 2004),L/Percent changes from the previous year in average amounts outstanding/Money Stock (Formerseries for data through March 2004),__Currency in Circulation/Percent changes from the previous year in average amounts outstanding/Money Stock (Formerseries for data through March 2004),__Deposit Money/Percent changes from the previous year in average amounts outstanding/Money Stock (Formerseries for data through March 2004),_Quasi-money/Percent changes from the previous year in average amounts outstanding/Money Stock (Formerseries for data through March 2004),_Certificates of Deposit (CDs)/Percent changes from the previous year in average amounts outstanding/Money Stock (Formerseries for data through March 2004),M2/Average Amounts Outstanding/Money Stock,M3/Average Amounts Outstanding/Money Stock,_M1/Average Amounts Outstanding/Money Stock,L/Average Amounts Outstanding/Money Stock,__Currency in Circulation/Average Amounts Outstanding/Money Stock,__Deposit Money/Average Amounts Outstanding/Money Stock,_Quasi-money/Average Amounts Outstanding/Money Stock,_Certificates of Deposit (CDs)/Average Amounts Outstanding/Money Stock
2,Series code,MD02'MAM1YAM2M2MO,MD02'MAM1YAM3M3MO,MD02'MAM1YAM3M1MO,MD02'MAM1YABLBLMO,MD02'MAM1YAM3CCMO,MD02'MAM1YAM3DMMO,MD02'MAM1YAM3QMMO,MD02'MAM1YAM3CDMO,MD02'MAM1NAM2M2MO,MD02'MAM1NAM3M3MO,MD02'MAM1NAM3M1MO,MD02'MAM1NABLBLMO,MD02'MAM1NAM3CCMO,MD02'MAM1NAM3DMMO,MD02'MAM1NAM3QMMO,MD02'MAM1NAM3CDMO
3,Unit,%,%,%,%,%,%,%,%,100 million yen,100 million yen,100 million yen,100 million yen,100 million yen,100 million yen,100 million yen,100 million yen
4,Start of the time-series,1968/01,1997/01,1964/01,1981/01,1964/01,1964/01,1968/01,1980/05,2003/04,2003/04,2003/04,2003/04,2003/04,2003/04,2003/04,2003/04
5,End of the time-series,2026/01,2026/01,2026/01,2026/01,2026/01,2026/01,2026/01,2026/01,2026/01,2026/01,2026/01,2026/01,2026/01,2026/01,2026/01,2026/01
6,Last update,2026/02/10,2026/02/10,2026/02/10,2026/02/10,2026/02/10,2026/02/10,2026/02/10,2026/02/10,2026/02/10,2026/02/10,2026/02/10,2026/02/10,2026/02/10,2026/02/10,2026/02/10,2026/02/10
7,1980/01,10.6,ND,6.5,ND,8.6,6,11.7,ND,ND,ND,ND,ND,ND,ND,ND,ND
8,1980/02,10.8,ND,7,ND,9.2,6.4,11.6,ND,ND,ND,ND,ND,ND,ND,ND,ND
9,1980/03,10.6,ND,8.1,ND,9.7,7.6,11,ND,ND,ND,ND,ND,ND,ND,ND,ND
10,1980/04,10.4,ND,7,ND,9.5,6.4,11.1,ND,ND,ND,ND,ND,ND,ND,ND,ND
11,1980/05,10.3,ND,4.1,ND,7.9,3.2,12.4,1022.8,ND,ND,ND,ND,ND,ND,ND,ND
12,1980/06,9.6,ND,3,ND,8.2,1.6,12,284.4,ND,ND,ND,ND,ND,ND,ND,ND
13,1980/07,8.8,ND,0.5,ND,6.3,-1,12.1,186.4,ND,ND,ND,ND,ND,ND,ND,ND
14,1980/08,8.3,ND,-1.2,ND,4.9,-2.9,12.5,118.8,ND,ND,ND,ND,ND,ND,ND,ND
15,1980/09,8,ND,-0.1,ND,4.8,-1.4,11.7,89.6,ND,ND,ND,ND,ND,ND,ND,ND
16,1980/10,7.6,ND,-0.8,ND,4.2,-2.1,11.5,63.5,ND,ND,ND,ND,ND,ND,ND,ND
17,1980/11,7.9,ND,-0.9,ND,4,-2.2,11.9,64.6,ND,ND,ND,ND,ND,ND,ND,ND
18,1980/12,7.8,ND,-1.5,ND,3.1,-2.9,12.7,57.4,ND,ND,ND,ND,ND,ND,ND,ND
19,1981/01,7.4,ND,-1.8,10.8,2.9,-3.1,11.9,56.5,ND,ND,ND,ND,ND,ND,ND,ND
20,1981/02,7.6,ND,-1.1,10.8,2.4,-2.1,11.8,39.8,ND,ND,ND,ND,ND,ND,ND,ND
21,1981/03,7.7,ND,-1.5,10.9,2.2,-2.5,12.4,39.9,ND,ND,ND,ND,ND,ND,ND,ND
22,1981/04,7.9,ND,-4.1,10.9,0.8,-5.4,14.6,8.4,ND,ND,ND,ND,ND,ND,ND,ND
23,1981/05,7.5,ND,-0.3,10.8,2.4,-1,12,-13.4,ND,ND,ND,ND,ND,ND,ND,ND
24,1981/06,8.3,ND,3.3,11.4,2.9,3.4,11.4,-13,ND,ND,ND,ND,ND,ND,ND,ND
25,1981/07,9,ND,5.6,11.1,4.5,5.9,11,-5.1,ND,ND,ND,ND,ND,ND,ND,ND
26,1981/08,9.6,ND,6.7,11,5.2,7.1,11,13.6,ND,ND,ND,ND,ND,ND,ND,ND
27,1981/09,10.1,ND,7.3,11.2,5.5,7.8,11.2,29.9,ND,ND,ND,ND,ND,ND,ND,ND
28,1981/10,10.8,ND,8.3,11.3,5.9,9,11.4,44.7,ND,ND,ND,ND,ND,ND,ND,ND
29,1981/11,10.4,ND,8.2,11.5,6.3,8.7,10.9,46.1,ND,ND,ND,ND,ND,ND,ND,ND
30,1981/12,10.5,ND,10.1,11.4,6.9,11.2,10.1,47.1,ND,ND,ND,ND,ND,ND,ND,ND
31,1982/01,10.7,ND,7,11.4,5.1,7.6,12,41.4,ND,ND,ND,ND,ND,ND,ND,ND
32,1982/02,10.6,ND,6.3,11.1,6.1,6.3,12.2,38.1,ND,ND,ND,ND,ND,ND,ND,ND
33,1982/03,10.5,ND,7.1,11.1,6.2,7.3,11.7,43.9,ND,ND,ND,ND,ND,ND,ND,ND
34,1982/04,9.3,ND,8.2,10.8,7.6,8.4,9.2,64,ND,ND,ND,ND,ND,ND,ND,ND
35,1982/05,9.4,ND,6.5,11.1,7.9,6.1,10,77.6,ND,ND,ND,ND,ND,ND,ND,ND
36,1982/06,8.8,ND,4.9,10.5,7.3,4.3,9.9,65.4,ND,ND,ND,ND,ND,ND,ND,ND
37,1982/07,9.3,ND,5.6,10.7,7,5.2,10.2,63.7,ND,ND,ND,ND,ND,ND,ND,ND
38,1982/08,9,ND,5,10.6,7.3,4.3,10.1,56.4,ND,ND,ND,ND,ND,ND,ND,ND
39,1982/09,8.9,ND,5.3,10.6,7.7,4.6,9.9,47.4,ND,ND,ND,ND,ND,ND,ND,ND
40,1982/10,8.3,ND,4.7,10.3,7.9,3.8,9.3,39.7,ND,ND,ND,ND,ND,ND,ND,ND
41,1982/11,8,ND,4.4,9.9,8,3.4,9.2,32.7,ND,ND,ND,ND,ND,ND,ND,ND
42,1982/12,7.9,ND,4.9,9.9,7.1,4.3,8.9,34,ND,ND,ND,ND,ND,ND,ND,ND
43,1983/01,7.7,ND,6.7,10,7.9,6.3,7.6,34.9,ND,ND,ND,ND,ND,ND,ND,ND
44,1983/02,7.4,ND,6,10,8.4,5.3,7.6,35.5,ND,ND,ND,ND,ND,ND,ND,ND
45,1983/03,7.6,ND,5.6,10.1,8.1,4.9,7.9,45.5,ND,ND,ND,ND,ND,ND,ND,ND
46,1983/04,7.6,ND,4.5,9.7,6.8,3.8,8.1,64.2,ND,ND,ND,ND,ND,ND,ND,ND
47,1983/05,7.5,ND,3.6,9.4,5.6,3.1,8.4,57.7,ND,ND,ND,ND,ND,ND,ND,ND
48,1983/06,7.7,ND,3.8,9.7,5.8,3.3,8.6,50.2,ND,ND,ND,ND,ND,ND,ND,ND
49,1983/07,7.1,ND,3.1,9.6,5.3,2.4,8.2,36.8,ND,ND,ND,ND,ND,ND,ND,ND
50,1983/08,6.9,ND,2.5,9.8,5.3,1.7,8.1,35.4,ND,ND,ND,ND,ND,ND,ND,ND
51,1983/09,7.2,ND,3.2,9.8,5.1,2.6,8.2,44.4,ND,ND,ND,ND,ND,ND,ND,ND
52,1983/10,7.2,ND,2.2,10,5,1.4,8.5,40.6,ND,ND,ND,ND,ND,ND,ND,ND
53,1983/11,6.8,ND,0.8,9.9,4,-0.1,8.8,33.6,ND,ND,ND,ND,ND,ND,ND,ND
54,1983/12,7.6,ND,2.1,10,4,1.5,9.6,33.4,ND,ND,ND,ND,ND,ND,ND,ND
55,1984/01,7.6,ND,0.6,9.8,4.1,-0.5,9.9,44.5,ND,ND,ND,ND,ND,ND,ND,ND
56,1984/02,7.8,ND,1.3,9.9,4.2,0.5,9.4,66.2,ND,ND,ND,ND,ND,ND,ND,ND
57,1984/03,8.4,ND,2.7,10.1,3.4,2.5,9.6,76.5,ND,ND,ND,ND,ND,ND,ND,ND
58,1984/04,7.7,ND,2.3,9.7,3.9,1.8,8.8,59.1,ND,ND,ND,ND,ND,ND,ND,ND
59,1984/05,7.6,ND,2.1,9.5,3.8,1.6,8.7,54.2,ND,ND,ND,ND,ND,ND,ND,ND
60,1984/06,7.5,ND,1.9,9,3.4,1.5,8.6,54.5,ND,ND,ND,ND,ND,ND,ND,ND
61,1984/07,7.7,ND,2.8,9.1,5,2.2,8.5,53.6,ND,ND,ND,ND,ND,ND,ND,ND
62,1984/08,7.7,ND,2.7,9.3,3.6,2.5,8.5,51.4,ND,ND,ND,ND,ND,ND,ND,ND
63,1984/09,8.1,ND,4.4,9.5,4.1,4.4,8.5,44.1,ND,ND,ND,ND,ND,ND,ND,ND
64,1984/10,7.7,ND,3.4,9.3,3.6,3.3,8.2,46.1,ND,ND,ND,ND,ND,ND,ND,ND
65,1984/11,8.1,ND,4.7,9.3,4.8,4.6,8.2,49.6,ND,ND,ND,ND,ND,ND,ND,ND
66,1984/12,7.8,ND,4.9,9,4.1,5.2,7.8,51.4,ND,ND,ND,ND,ND,ND,ND,ND
67,1985/01,7.9,ND,6.3,9.2,6.3,6.3,7.4,47.5,ND,ND,ND,ND,ND,ND,ND,ND
68,1985/02,7.9,ND,5.9,9.2,5.9,5.9,7.8,37,ND,ND,ND,ND,ND,ND,ND,ND
69,1985/03,7.9,ND,6.4,9,6.6,6.4,7.9,27.3,ND,ND,ND,ND,ND,ND,ND,ND
70,1985/04,8.4,ND,4.6,9.4,6.3,4.1,9,36.8,ND,ND,ND,ND,ND,ND,ND,ND
71,1985/05,8.3,ND,4.8,9.3,7,4.2,8.8,33.7,ND,ND,ND,ND,ND,ND,ND,ND
72,1985/06,8.2,ND,4.9,9.3,6.4,4.5,8.7,30,ND,ND,ND,ND,ND,ND,ND,ND
73,1985/07,8.2,ND,4.6,9.5,6.2,4.1,8.8,31.9,ND,ND,ND,ND,ND,ND,ND,ND
74,1985/08,8.3,ND,5,9.7,6,4.7,8.7,27.8,ND,ND,ND,ND,ND,ND,ND,ND
75,1985/09,8.3,ND,4.5,9.3,6.3,4,9.1,24.8,ND,ND,ND,ND,ND,ND,ND,ND
76,1985/10,8.6,ND,4.5,9.3,6.4,4,10.3,7,ND,ND,ND,ND,ND,ND,ND,ND
77,1985/11,9.1,ND,4.3,9.5,7,3.4,11.1,5.7,ND,ND,ND,ND,ND,ND,ND,ND
78,1985/12,9.3,ND,4.6,9.6,7.4,3.8,11.5,5.2,ND,ND,ND,ND,ND,ND,ND,ND
79,1986/01,9,ND,4.3,9.6,6.8,3.5,11.2,5.1,ND,ND,ND,ND,ND,ND,ND,ND
80,1986/02,9,ND,4.3,9.6,6.8,3.5,10.8,11.1,ND,ND,ND,ND,ND,ND,ND,ND
81,1986/03,9,ND,3.9,9.6,6.7,3.1,11,9.6,ND,ND,ND,ND,ND,ND,ND,ND
82,1986/04,8.4,ND,6.4,9.5,5.9,6.5,9.7,-0.9,ND,ND,ND,ND,ND,ND,ND,ND
83,1986/05,8.4,ND,6.8,9.6,7.1,6.7,9.8,-7,ND,ND,ND,ND,ND,ND,ND,ND
84,1986/06,8.5,ND,7.1,9.3,7.6,6.9,9.9,-7.4,ND,ND,ND,ND,ND,ND,ND,ND
85,1986/07,8.7,ND,7.2,9.4,8,6.9,10.4,-11.9,ND,ND,ND,ND,ND,ND,ND,ND
86,1986/08,8.9,ND,8.5,9.3,9.5,8.2,10.4,-17.1,ND,ND,ND,ND,ND,ND,ND,ND
87,1986/09,8.9,ND,7.7,9.7,9.1,7.3,10.6,-17.9,ND,ND,ND,ND,ND,ND,ND,ND
88,1986/10,8.5,ND,8.5,9.6,9.3,8.2,9.3,-8.4,ND,ND,ND,ND,ND,ND,ND,ND
89,1986/11,8.3,ND,9.9,9.5,12.8,9,8.1,0.3,ND,ND,ND,ND,ND,ND,ND,ND
90,1986/12,8.2,ND,8.4,9.2,11.6,7.3,8.3,3,ND,ND,ND,ND,ND,ND,ND,ND
91,1987/01,8.6,ND,9.6,9.2,13.7,8.2,8.3,7.7,ND,ND,ND,ND,ND,ND,ND,ND
92,1987/02,8.8,ND,11.2,9.3,15.3,9.9,8.1,5.2,ND,ND,ND,ND,ND,ND,ND,ND
93,1987/03,9,ND,10.1,9.5,15.3,8.6,8.3,14.1,ND,ND,ND,ND,ND,ND,ND,ND
94,1987/04,9.8,ND,11.1,9.7,16.3,9.5,9.2,12.5,ND,ND,ND,ND,ND,ND,ND,ND
95,1987/05,10.2,ND,12.4,9.5,16.7,11.2,9.1,15.4,ND,ND,ND,ND,ND,ND,ND,ND
96,1987/06,10,ND,10.5,10,15.3,9.1,9.9,9.1,ND,ND,ND,ND,ND,ND,ND,ND
97,1987/07,10.3,ND,11,10.3,15.1,9.7,9.9,14.8,ND,ND,ND,ND,ND,ND,ND,ND
98,1987/08,11,ND,11.9,10.8,14.9,11,10,28.3,ND,ND,ND,ND,ND,ND,ND,ND
99,1987/09,11.1,ND,11.2,10.6,15.5,9.9,10.2,34.2,ND,ND,ND,ND,ND,ND,ND,ND
100,1987/10,11.7,ND,10.6,10.9,16.4,8.7,11.8,20.2,ND,ND,ND,ND,ND,ND,ND,ND
101,1987/11,12.4,ND,9.8,10.9,12.2,9.1,14,-6.2,ND,ND,ND,ND,ND,ND,ND,ND
102,1987/12,11.5,ND,6.8,10.3,8.9,6.1,14,-6.8,ND,ND,ND,ND,ND,ND,ND,ND
103,1988/01,11.9,ND,8.4,10.7,9.8,7.9,14,-4.9,ND,ND,ND,ND,ND,ND,ND,ND
104,1988/02,12.4,ND,9.8,11,10.9,9.5,14.1,-3.4,ND,ND,ND,ND,ND,ND,ND,ND
105,1988/03,11.8,ND,9.5,10.4,10.9,9,13.3,-3.7,ND,ND,ND,ND,ND,ND,ND,ND
106,1988/04,11.3,ND,9.2,10,12,8.3,12.8,-2.1,ND,ND,ND,ND,ND,ND,ND,ND
107,1988/05,11.4,ND,9.9,10.3,11.8,9.3,12.6,-1.7,ND,ND,ND,ND,ND,ND,ND,ND
108,1988/06,11.1,ND,8.1,9.7,11.2,7.1,12.7,3.3,ND,ND,ND,ND,ND,ND,ND,ND
109,1988/07,11.1,ND,7.5,9.6,10.5,6.5,13.3,-5,ND,ND,ND,ND,ND,ND,ND,ND
110,1988/08,10.9,ND,6.2,9.5,9.7,5,13.5,-5.7,ND,ND,ND,ND,ND,ND,ND,ND
111,1988/09,10.6,ND,6,9.3,9.7,4.8,12.8,2.5,ND,ND,ND,ND,ND,ND,ND,ND
112,1988/10,11,ND,7.3,9.4,9.3,6.7,12.3,13.6,ND,ND,ND,ND,ND,ND,ND,ND
113,1988/11,10.3,ND,9,9,9,9,10.3,26.1,ND,ND,ND,ND,ND,ND,ND,ND
114,1988/12,10.4,ND,10.3,9.3,9.4,10.6,9.7,36.6,ND,ND,ND,ND,ND,ND,ND,ND
115,1989/01,10,ND,8.6,9.2,10.1,8.1,10.2,20.1,ND,ND,ND,ND,ND,ND,ND,ND
116,1989/02,10.4,ND,9.8,9.4,10.7,9.5,10.6,14.1,ND,ND,ND,ND,ND,ND,ND,ND
117,1989/03,10.3,ND,9.8,9.5,9.5,9.9,10.4,14.9,ND,ND,ND,ND,ND,ND,ND,ND
118,1989/04,10.2,ND,7.8,9.5,8.8,7.5,11.3,7.6,ND,ND,ND,ND,ND,ND,ND,ND
119,1989/05,9.4,ND,5.1,8.9,9.4,3.7,11.3,3.9,ND,ND,ND,ND,ND,ND,ND,ND
120,1989/06,9.4,ND,3.3,9.1,10,1.1,11.7,10.1,ND,ND,ND,ND,ND,ND,ND,ND
121,1989/07,9.8,ND,2.8,9.4,9.9,0.4,12.2,15.6,ND,ND,ND,ND,ND,ND,ND,ND
122,1989/08,9.6,ND,2.7,9.5,10.2,0.1,12.3,4.2,ND,ND,ND,ND,ND,ND,ND,ND
123,1989/09,9.6,ND,3,9.5,10.5,0.5,12.3,1.2,ND,ND,ND,ND,ND,ND,ND,ND
124,1989/10,9.6,ND,1.6,9.5,10.2,-1.3,12.7,0.3,ND,ND,ND,ND,ND,ND,ND,ND
125,1989/11,9.9,ND,-2,9.7,10.6,-6.1,14,14.8,ND,ND,ND,ND,ND,ND,ND,ND
126,1989/12,10.6,ND,-2,10,10.3,-6.3,15.2,20.1,ND,ND,ND,ND,ND,ND,ND,ND
127,1990/01,11.5,ND,0.5,10.3,11.9,-3.6,15.3,19.5,ND,ND,ND,ND,ND,ND,ND,ND
128,1990/02,11.8,ND,0.7,10.4,9.6,-2.3,16,9.4,ND,ND,ND,ND,ND,ND,ND,ND
129,1990/03,11.6,ND,0.8,10.3,9,-2,15.8,9.4,ND,ND,ND,ND,ND,ND,ND,ND
130,1990/04,13.2,ND,2.2,11.2,13.5,-1.6,17.4,12.4,ND,ND,ND,ND,ND,ND,ND,ND
131,1990/05,13.2,ND,-0.6,10.8,8.3,-3.6,18.9,-1.4,ND,ND,ND,ND,ND,ND,ND,ND
132,1990/06,12.6,ND,1.9,10.3,7.3,0.1,17.4,-16.2,ND,ND,ND,ND,ND,ND,ND,ND
133,1990/07,12.2,ND,4.9,9.8,7.4,3.9,16,-23,ND,ND,ND,ND,ND,ND,ND,ND
134,1990/08,11.9,ND,2.6,9,6.7,1,16.1,-19.5,ND,ND,ND,ND,ND,ND,ND,ND
135,1990/09,12,ND,3.3,8.8,6.6,2,15.9,-17.7,ND,ND,ND,ND,ND,ND,ND,ND
136,1990/10,11.8,ND,4.2,9,6.6,3.3,15.2,-16.9,ND,ND,ND,ND,ND,ND,ND,ND
137,1990/11,9.9,ND,4.4,8,5.7,3.9,12.7,-20.9,ND,ND,ND,ND,ND,ND,ND,ND
138,1990/12,8.5,ND,6.2,7.4,5.3,6.5,10.4,-19.1,ND,ND,ND,ND,ND,ND,ND,ND
139,1991/01,7.4,ND,5.1,7.1,3.6,5.7,9.2,-20.6,ND,ND,ND,ND,ND,ND,ND,ND
140,1991/02,5.5,ND,1,6.1,2.7,0.3,7.6,-13.1,ND,ND,ND,ND,ND,ND,ND,ND
141,1991/03,5.1,ND,1.2,5.7,3.1,0.5,7,-12.6,ND,ND,ND,ND,ND,ND,ND,ND
142,1991/04,3.8,ND,0.3,4.9,-0.7,0.7,5.7,-15.2,ND,ND,ND,ND,ND,ND,ND,ND
143,1991/05,3.6,ND,3.2,5,2.4,3.4,4.1,-10.1,ND,ND,ND,ND,ND,ND,ND,ND
144,1991/06,3.7,ND,6.6,5.3,3.7,7.6,3.1,-4.6,ND,ND,ND,ND,ND,ND,ND,ND
145,1991/07,3.4,ND,6.1,5.2,2.9,7.3,2.8,-7.6,ND,ND,ND,ND,ND,ND,ND,ND
146,1991/08,2.7,ND,7.2,5.2,2.2,9.3,1.7,-7.4,ND,ND,ND,ND,ND,ND,ND,ND
147,1991/09,2.2,ND,6.4,4.9,2.3,7.9,1.2,-5.7,ND,ND,ND,ND,ND,ND,ND,ND
148,1991/10,2.1,ND,7.5,4.6,2.4,9.5,0.9,-9.2,ND,ND,ND,ND,ND,ND,ND,ND
149,1991/11,2.4,ND,9.3,5,2.4,12,0.8,-10.3,ND,ND,ND,ND,ND,ND,ND,ND
150,1991/12,2,ND,8.8,4.7,2.4,11.3,0.2,-11.8,ND,ND,ND,ND,ND,ND,ND,ND
151,1992/01,1.8,ND,7.6,4.4,2.6,9.6,0.6,-16.7,ND,ND,ND,ND,ND,ND,ND,ND
152,1992/02,1.6,ND,7.4,4.4,2.7,9.2,0.4,-18.3,ND,ND,ND,ND,ND,ND,ND,ND
153,1992/03,1.8,ND,7.5,4.4,2.2,9.5,0.5,-19,ND,ND,ND,ND,ND,ND,ND,ND
154,1992/04,1.6,ND,7,4.4,1.2,9.2,0.3,-13.9,ND,ND,ND,ND,ND,ND,ND,ND
155,1992/05,1.1,ND,6.9,4.3,2,8.7,-0.4,-8.8,ND,ND,ND,ND,ND,ND,ND,ND
156,1992/06,0.9,ND,3.2,3.8,1.4,3.9,0.2,0.1,ND,ND,ND,ND,ND,ND,ND,ND
157,1992/07,0.2,ND,2.9,3.5,2.2,3.2,-0.6,-5.3,ND,ND,ND,ND,ND,ND,ND,ND
158,1992/08,0.3,ND,3.7,3.2,3.1,3.9,-0.7,1.1,ND,ND,ND,ND,ND,ND,ND,ND
159,1992/09,-0.5,ND,2.9,2.6,2.7,3,-1.5,-2.6,ND,ND,ND,ND,ND,ND,ND,ND
160,1992/10,-0.6,ND,2.5,2.7,3.2,2.3,-1.6,-0.5,ND,ND,ND,ND,ND,ND,ND,ND
161,1992/11,-0.6,ND,1.6,2.4,3.2,1,-1.2,-4.9,ND,ND,ND,ND,ND,ND,ND,ND
162,1992/12,-0.4,ND,1.9,2.5,2.2,1.8,-1.2,-2.1,ND,ND,ND,ND,ND,ND,ND,ND
163,1993/01,-0.3,ND,2.4,2.6,2.4,2.4,-1.3,7.2,ND,ND,ND,ND,ND,ND,ND,ND
164,1993/02,0.1,ND,2.3,2.6,3.6,1.8,-0.7,4.8,ND,ND,ND,ND,ND,ND,ND,ND
165,1993/03,-0.4,ND,0.9,2,2.8,0.2,-1,7.4,ND,ND,ND,ND,ND,ND,ND,ND
166,1993/04,0.5,ND,2.4,2.7,4.1,1.8,-0.4,12.6,ND,ND,ND,ND,ND,ND,ND,ND
167,1993/05,1.5,ND,3.9,2.9,4.5,3.7,0.5,11.2,ND,ND,ND,ND,ND,ND,ND,ND
168,1993/06,1.4,ND,3.4,3,4.1,3.1,0.5,13.5,ND,ND,ND,ND,ND,ND,ND,ND
169,1993/07,1.6,ND,3.8,3,4.1,3.7,0.7,7.9,ND,ND,ND,ND,ND,ND,ND,ND
170,1993/08,1.7,ND,3.5,3,3.7,3.4,0.9,11.8,ND,ND,ND,ND,ND,ND,ND,ND
171,1993/09,1.9,ND,2.6,3.3,4.4,1.9,1.4,14.7,ND,ND,ND,ND,ND,ND,ND,ND
172,1993/10,1.8,ND,3.7,3.2,4.6,3.4,0.8,22.4,ND,ND,ND,ND,ND,ND,ND,ND
173,1993/11,1.5,ND,3.3,3,4.3,2.9,0.5,21.6,ND,ND,ND,ND,ND,ND,ND,ND
174,1993/12,1.4,ND,3.4,2.9,4.1,3.2,0.6,1.3,ND,ND,ND,ND,ND,ND,ND,ND
175,1994/01,1.6,ND,4.2,3,4.7,4,0.7,-1.1,ND,ND,ND,ND,ND,ND,ND,ND
176,1994/02,1.5,ND,4.8,3,4.8,4.8,0.5,-0.9,ND,ND,ND,ND,ND,ND,ND,ND
177,1994/03,1.9,ND,5.2,3.5,5.3,5.2,0.9,-2.6,ND,ND,ND,ND,ND,ND,ND,ND
178,1994/04,2.2,ND,5.9,3.3,4.9,6.2,1.2,-8.8,ND,ND,ND,ND,ND,ND,ND,ND
179,1994/05,1.7,ND,5,2.9,4.3,5.2,1,-17.5,ND,ND,ND,ND,ND,ND,ND,ND
180,1994/06,1.5,ND,4.7,3,4.7,4.7,1.2,-25.5,ND,ND,ND,ND,ND,ND,ND,ND
181,1994/07,2,ND,5.7,3.3,5.1,6,1,-11.2,ND,ND,ND,ND,ND,ND,ND,ND
182,1994/08,1.9,ND,6,3.6,5.4,6.2,1.2,-21.8,ND,ND,ND,ND,ND,ND,ND,ND
183,1994/09,2.3,ND,6.9,3.6,7.1,6.9,1.5,-24,ND,ND,ND,ND,ND,ND,ND,ND
184,1994/10,2.4,ND,6,3.6,5.3,6.2,2.2,-30.7,ND,ND,ND,ND,ND,ND,ND,ND
185,1994/11,2.7,ND,5.5,3.5,4.8,5.8,2.7,-31.4,ND,ND,ND,ND,ND,ND,ND,ND
186,1994/12,2.9,ND,4.9,3.7,4.2,5.2,2.6,-14.9,ND,ND,ND,ND,ND,ND,ND,ND
187,1995/01,3.1,ND,5.5,3.7,5,5.7,2.6,-11.4,ND,ND,ND,ND,ND,ND,ND,ND
188,1995/02,3.6,ND,4.9,3.9,4.3,5.2,3.1,1.9,ND,ND,ND,ND,ND,ND,ND,ND
189,1995/03,3.5,ND,4.5,4,4.1,4.6,3,10.2,ND,ND,ND,ND,ND,ND,ND,ND
190,1995/04,3.1,ND,5.6,3.8,4.5,6,2.1,7.5,ND,ND,ND,ND,ND,ND,ND,ND
191,1995/05,3.1,ND,5.9,3.9,5,6.2,1.8,17.6,ND,ND,ND,ND,ND,ND,ND,ND
192,1995/06,3.1,ND,7,3.8,5.1,7.7,1.6,11.1,ND,ND,ND,ND,ND,ND,ND,ND
193,1995/07,2.7,ND,7.2,3.5,4.4,8.2,1,7.8,ND,ND,ND,ND,ND,ND,ND,ND
194,1995/08,2.7,ND,8.6,3.5,4.7,10.1,0.2,24.5,ND,ND,ND,ND,ND,ND,ND,ND
195,1995/09,2.6,ND,9.9,3.7,4.3,12,-0.7,42.6,ND,ND,ND,ND,ND,ND,ND,ND
196,1995/10,2.4,ND,12.1,3.8,6.3,14.3,-1.4,32,ND,ND,ND,ND,ND,ND,ND,ND
197,1995/11,3.3,ND,13.9,4.3,7.8,16.2,-1.1,48.3,ND,ND,ND,ND,ND,ND,ND,ND
198,1995/12,3.2,ND,12.8,4,6.6,15.1,-1.4,48.3,ND,ND,ND,ND,ND,ND,ND,ND
199,1996/01,3.1,ND,14.7,3.9,8.4,17.1,-1.7,32.2,ND,ND,ND,ND,ND,ND,ND,ND
200,1996/02,2.8,ND,15.7,3.5,9.4,18,-2.7,45,ND,ND,ND,ND,ND,ND,ND,ND
201,1996/03,3,ND,16.1,3.5,9.6,18.4,-3.7,83,ND,ND,ND,ND,ND,ND,ND,ND
202,1996/04,2.8,ND,15.3,3.4,9.5,17.4,-4.2,95.2,ND,ND,ND,ND,ND,ND,ND,ND
203,1996/05,3.2,ND,15.5,3.9,9.2,17.7,-2.8,65.9,ND,ND,ND,ND,ND,ND,ND,ND
204,1996/06,3.7,ND,16.3,4.2,10.2,18.4,-2.2,63.9,ND,ND,ND,ND,ND,ND,ND,ND
205,1996/07,3.7,ND,14.3,4,8.8,16.2,-1.3,49.7,ND,ND,ND,ND,ND,ND,ND,ND
206,1996/08,3.7,ND,13.8,3.8,9.1,15.5,-0.9,38,ND,ND,ND,ND,ND,ND,ND,ND
207,1996/09,3.4,ND,12.2,3.5,8.5,13.4,-0.5,21.7,ND,ND,ND,ND,ND,ND,ND,ND
208,1996/10,3.6,ND,11,3.5,8.1,12,-0.4,52.4,ND,ND,ND,ND,ND,ND,ND,ND
209,1996/11,3.1,ND,10.8,3.5,7.9,11.8,-1,47.1,ND,ND,ND,ND,ND,ND,ND,ND
210,1996/12,2.9,ND,10,3.5,7.5,10.9,-0.8,23.9,ND,ND,ND,ND,ND,ND,ND,ND
211,1997/01,3,3.3,10,4.3,7.5,10.9,-1.1,44.2,ND,ND,ND,ND,ND,ND,ND,ND
212,1997/02,2.9,3.2,9.8,4.2,7.2,10.7,-0.7,25.6,ND,ND,ND,ND,ND,ND,ND,ND
213,1997/03,2.7,3.1,9.3,4.4,7.7,9.8,-0.6,11,ND,ND,ND,ND,ND,ND,ND,ND
214,1997/04,3.2,3.4,8.8,4.5,7.2,9.3,-0.4,23.9,ND,ND,ND,ND,ND,ND,ND,ND
215,1997/05,3.1,3.3,9,3.8,7.5,9.4,-0.6,30.5,ND,ND,ND,ND,ND,ND,ND,ND
216,1997/06,2.9,3.2,8.4,3.4,7.4,8.7,-0.4,25.6,ND,ND,ND,ND,ND,ND,ND,ND
217,1997/07,3,3.3,8.2,3,7.5,8.4,-0.2,33.1,ND,ND,ND,ND,ND,ND,ND,ND
218,1997/08,3.2,3.4,8.3,3.1,7.4,8.6,-0.2,39.8,ND,ND,ND,ND,ND,ND,ND,ND
219,1997/09,2.9,3.3,7.7,3.1,7.4,7.8,-0.3,36.7,ND,ND,ND,ND,ND,ND,ND,ND
220,1997/10,2.9,3.2,7.9,3.4,7.7,7.9,-0.2,28,ND,ND,ND,ND,ND,ND,ND,ND
221,1997/11,3.2,3.5,8.9,3,8.7,9,-0.3,26.8,ND,ND,ND,ND,ND,ND,ND,ND
222,1997/12,3.8,4,8.9,3,9.2,8.8,0.1,36.9,ND,ND,ND,ND,ND,ND,ND,ND
223,1998/01,4.5,4.5,9.7,3.1,9.4,9.8,0.6,39.6,ND,ND,ND,ND,ND,ND,ND,ND
224,1998/02,5,5,10.3,3.2,10.3,10.3,0.9,45.3,ND,ND,ND,ND,ND,ND,ND,ND
225,1998/03,4.5,4.7,8.6,2.8,9.5,8.4,1.5,24.2,ND,ND,ND,ND,ND,ND,ND,ND
226,1998/04,3.6,4.1,8.1,2.4,9.1,7.8,0.9,11.8,ND,ND,ND,ND,ND,ND,ND,ND
227,1998/05,3.9,4.3,8,2.5,9,7.7,0.8,24.2,ND,ND,ND,ND,ND,ND,ND,ND
228,1998/06,3.4,4,7.4,2.5,8.6,7.1,0.8,20,ND,ND,ND,ND,ND,ND,ND,ND
229,1998/07,3.5,4.1,8.1,3.1,8.5,7.9,0.7,20,ND,ND,ND,ND,ND,ND,ND,ND
230,1998/08,3.8,4.2,7.9,3.4,8.3,7.7,1.2,19.7,ND,ND,ND,ND,ND,ND,ND,ND
231,1998/09,3.8,4.2,7.6,3.2,8.8,7.2,1.4,18,ND,ND,ND,ND,ND,ND,ND,ND
232,1998/10,3.9,4.3,8.6,2.8,9,8.5,1.6,5.8,ND,ND,ND,ND,ND,ND,ND,ND
233,1998/11,4.3,4.5,7.7,2.9,7.7,7.7,2.4,10.3,ND,ND,ND,ND,ND,ND,ND,ND
234,1998/12,3.9,4.1,5.7,3,4.2,6.2,3.1,2.1,ND,ND,ND,ND,ND,ND,ND,ND
235,1999/01,3.6,3.7,5.1,3.1,3.6,5.7,3,-0.6,ND,ND,ND,ND,ND,ND,ND,ND
236,1999/02,3.4,3.6,5.7,3.1,4.3,6.2,2.9,-6.1,ND,ND,ND,ND,ND,ND,ND,ND
237,1999/03,3.7,3.7,8,3.3,4.2,9.3,2.1,-6,ND,ND,ND,ND,ND,ND,ND,ND
238,1999/04,3.9,3.8,9.4,3.7,5.2,10.7,2.1,-9.3,ND,ND,ND,ND,ND,ND,ND,ND
239,1999/05,4.1,3.8,10.9,3.9,5.8,12.6,2.2,-21.3,ND,ND,ND,ND,ND,ND,ND,ND
240,1999/06,4.3,4,12,3.9,5.8,14.1,1.9,-22.4,ND,ND,ND,ND,ND,ND,ND,ND
241,1999/07,4,3.7,12.1,3.6,5.5,14.2,1.3,-24.7,ND,ND,ND,ND,ND,ND,ND,ND
242,1999/08,3.5,3.3,12.4,3.2,5.7,14.6,0.9,-30.1,ND,ND,ND,ND,ND,ND,ND,ND
243,1999/09,3.3,3.2,12.7,3,5.8,15,0.5,-31.2,ND,ND,ND,ND,ND,ND,ND,ND
244,1999/10,3.6,3.4,13.4,3.2,5.7,16,0.4,-28.2,ND,ND,ND,ND,ND,ND,ND,ND
245,1999/11,2.9,2.9,12.2,3.2,5.4,14.4,0.2,-32.2,ND,ND,ND,ND,ND,ND,ND,ND
246,1999/12,2.6,2.7,11.8,2.9,6.6,13.5,-0.8,-24.1,ND,ND,ND,ND,ND,ND,ND,ND
247,2000/01,2.6,2.5,12.6,2.8,8,14.2,-1.2,-23.4,ND,ND,ND,ND,ND,ND,ND,ND
248,2000/02,2.1,2.2,12.2,2.7,6.8,13.9,-1.4,-27.9,ND,ND,ND,ND,ND,ND,ND,ND
249,2000/03,1.9,2.1,10.3,2.7,7.6,11.2,-1.4,-17.8,ND,ND,ND,ND,ND,ND,ND,ND
250,2000/04,2.9,2.6,11.8,3.1,9.8,12.4,-1.6,-5.6,ND,ND,ND,ND,ND,ND,ND,ND
251,2000/05,2.2,2.1,9.9,3,7.2,10.7,-1.2,-15.7,ND,ND,ND,ND,ND,ND,ND,ND
252,2000/06,1.9,1.8,8.8,3.2,6,9.6,-1.3,-11.8,ND,ND,ND,ND,ND,ND,ND,ND
253,2000/07,2,1.7,7.5,3.4,5.1,8.2,-1.2,3.7,ND,ND,ND,ND,ND,ND,ND,ND
254,2000/08,1.8,1.6,6.3,3.4,5,6.7,-1.4,20.7,ND,ND,ND,ND,ND,ND,ND,ND
255,2000/09,2,1.6,5.2,3.4,5.9,5,-1.6,50,ND,ND,ND,ND,ND,ND,ND,ND
256,2000/10,2.1,1.6,5.3,3.3,7.1,4.7,-1.4,50.6,ND,ND,ND,ND,ND,ND,ND,ND
257,2000/11,1.9,1.2,4.9,3,8.1,3.9,-1.5,48.2,ND,ND,ND,ND,ND,ND,ND,ND
258,2000/12,2,1.1,4.1,2.8,6.4,3.4,-0.8,39,ND,ND,ND,ND,ND,ND,ND,ND
259,2001/01,2.2,1,4.4,3,6.1,3.9,-0.5,34.3,ND,ND,ND,ND,ND,ND,ND,ND
260,2001/02,2.6,1,4.5,3.3,6.2,4,-0.3,45.1,ND,ND,ND,ND,ND,ND,ND,ND
261,2001/03,2.5,0.8,4.8,3.3,5.1,4.8,-0.4,31.6,ND,ND,ND,ND,ND,ND,ND,ND
262,2001/04,2.3,0.6,5.6,3.2,3.7,6.2,-1.4,29.8,ND,ND,ND,ND,ND,ND,ND,ND
263,2001/05,2.6,0.7,6.8,2.8,5.7,7.1,-2.4,58,ND,ND,ND,ND,ND,ND,ND,ND
264,2001/06,2.9,0.8,7.9,2.4,8.4,7.8,-3.2,82.9,ND,ND,ND,ND,ND,ND,ND,ND
265,2001/07,3,0.6,8.6,2.1,9.2,8.4,-3.5,79.8,ND,ND,ND,ND,ND,ND,ND,ND
266,2001/08,2.9,0.5,9.4,1.9,8.5,9.7,-3.4,56.7,ND,ND,ND,ND,ND,ND,ND,ND
267,2001/09,3.2,0.6,11.6,1.9,8,12.7,-3.3,28.7,ND,ND,ND,ND,ND,ND,ND,ND
268,2001/10,2.9,0.4,11.5,1.7,6.8,13,-3.8,29.1,ND,ND,ND,ND,ND,ND,ND,ND
269,2001/11,3,0.5,12.7,2,6.7,14.6,-4.3,31.3,ND,ND,ND,ND,ND,ND,ND,ND
270,2001/12,3.3,0.7,13.6,2,6.8,15.7,-4.8,32.4,ND,ND,ND,ND,ND,ND,ND,ND
271,2002/01,3.5,1,15.8,1.7,8.2,18.2,-5.6,28.8,ND,ND,ND,ND,ND,ND,ND,ND
272,2002/02,3.5,1.1,19.2,1.2,10.5,21.9,-6.4,9.7,ND,ND,ND,ND,ND,ND,ND,ND
273,2002/03,3.7,1.2,24.2,0.6,12.2,27.9,-8.5,-11,ND,ND,ND,ND,ND,ND,ND,ND
274,2002/04,3.5,1.3,32.6,0.2,11.9,38.6,-12.8,-38.9,ND,ND,ND,ND,ND,ND,ND,ND
275,2002/05,3.5,1.4,31.7,0,13.3,37,-13.5,-29.4,ND,ND,ND,ND,ND,ND,ND,ND
276,2002/06,3.4,1.4,31.9,0.2,12.4,37.5,-13.8,-27.5,ND,ND,ND,ND,ND,ND,ND,ND
277,2002/07,3.3,1.5,30.7,0.3,10.6,36.7,-13.6,-22.2,ND,ND,ND,ND,ND,ND,ND,ND
278,2002/08,3.4,1.7,31.4,0.2,12,37.1,-13.6,-22.7,ND,ND,ND,ND,ND,ND,ND,ND
279,2002/09,3.2,1.6,29.7,0.6,11.9,34.9,-13.1,-20.7,ND,ND,ND,ND,ND,ND,ND,ND
280,2002/10,3.3,1.7,29,0.9,11.4,34.1,-12.7,-20.3,ND,ND,ND,ND,ND,ND,ND,ND
281,2002/11,3.2,1.7,28.7,0.4,10.8,33.9,-12.7,-22,ND,ND,ND,ND,ND,ND,ND,ND
282,2002/12,2.2,1.1,25.2,0.1,9.2,29.9,-12.3,-34.1,ND,ND,ND,ND,ND,ND,ND,ND
283,2003/01,1.9,1,23.6,0.2,8.6,28,-12,-31.2,ND,ND,ND,ND,ND,ND,ND,ND
284,2003/02,1.9,1,21.3,0.6,7.7,25.1,-11.1,-26.1,ND,ND,ND,ND,ND,ND,ND,ND
285,2003/03,1.7,0.9,14.4,1.3,6.2,16.6,-7.9,-20.9,ND,ND,ND,ND,ND,ND,ND,ND
286,2003/04,1.3,0.5,4.6,0.2,6.1,4.3,-1.6,-6.7,6767067,10121694,4310580,12689040,664716,3645864,5637115,173999
287,2003/05,1.6,0.7,4.8,-0.4,4.9,4.7,-1.1,-10,6770869,10124315,4321237,12575021,664409,3656828,5634195,168883
288,2003/06,1.8,0.8,4.6,0.2,4.9,4.6,-0.8,-5.4,6777550,10135410,4306270,12616038,661317,3644953,5643400,185740
289,2003/07,1.8,0.8,4.9,0.4,4.9,4.9,-0.7,-10,6813055,10182600,4331338,12677705,670448,3660890,5656631,194631
290,2003/08,1.9,0.9,5.4,0.7,4.9,5.5,-0.7,-11.5,6807344,10171792,4325446,12693042,669303,3656143,5651238,195108
291,2003/09,1.8,0.8,5.7,0.7,4.7,5.9,-1,-16,6768459,10125379,4305898,12672073,663799,3642099,5630439,189042
292,2003/10,1.5,0.7,5.5,0.5,4.3,5.8,-1.3,-16.7,6755731,10108026,4305377,12664855,663423,3641954,5611826,190823
293,2003/11,1.5,0.7,5.3,0.8,4.1,5.5,-1.2,-14.4,6757284,10106457,4321211,12668268,666269,3654942,5594710,190536
294,2003/12,1.5,0.7,4,1.1,2.8,4.3,-1.2,-0.3,6825840,10188715,4411653,12756945,688177,3723476,5585584,191478
295,2004/01,1.6,0.8,4.2,1,2.4,4.7,-1.2,0.3,6833119,10200701,4414769,12774753,686186,3728583,5591501,194431
296,2004/02,1.7,0.8,4.2,1.1,2.4,4.6,-1.2,6,6797767,10161554,4382169,12749073,671722,3710447,5578718,200667
297,2004/03,1.7,0.9,4,0.9,1.6,4.6,-1.2,9.8,6825916,10178254,4427067,12785838,673620,3753447,5553071,198116
298,2004/04,1.8,1.2,4.3,1.6,1.4,4.8,-1.7,16,6891883,10240449,4495727,12894215,674231,3821496,5542822,201900
299,2004/05,2,1.2,4.4,2.9,1.6,4.8,-1.8,20.7,6903843,10247418,4509364,12944954,675236,3834128,5534280,203774
300,2004/06,1.7,1.1,3.8,2.7,1,4.4,-1.8,23,6894824,10243116,4471918,12960867,667908,3804010,5542793,228405
301,2004/07,1.8,1.1,4.2,2.8,1,4.8,-1.9,19.2,6937875,10296877,4515052,13036131,676855,3838197,5549827,231998
302,2004/08,1.9,1.1,4.1,2.7,1,4.7,-1.9,21.3,6933689,10284198,4502260,13039963,676050,3826210,5545179,236759
303,2004/09,2.1,1.2,4.3,2.8,1.9,4.7,-1.9,22.5,6907282,10242206,4488931,13023534,676568,3812363,5521769,231506
304,2004/10,2,1.1,4.6,2.8,1.9,5.1,-2.1,16.6,6890506,10217592,4502668,13022464,676267,3826401,5492337,222587
305,2004/11,2,1.1,4.2,2.9,1.6,4.7,-2,18.4,6894786,10214727,4504280,13036126,676608,3827672,5484913,225534
306,2004/12,2,1,4.3,3,1.5,4.8,-2.1,13.5,6960622,10286853,4602156,13143711,698750,3903406,5467276,217421
307,2005/01,1.9,0.9,4.4,3.2,1.4,4.9,-2.3,12.1,6965712,10290636,4608681,13181359,695795,3912886,5464045,217910
308,2005/02,1.8,0.7,4.2,3.2,1.6,4.6,-2.3,9.9,6920502,10236287,4564162,13155770,682657,3881505,5451679,220446
309,2005/03,2,0.8,4.7,3.3,2.5,5.1,-2.4,6.3,6965119,10264527,4635976,13206291,690724,3945252,5417894,210657
310,2005/04,1.8,0.6,4.7,2.8,3,5,-2.8,2.2,7015356,10300901,4708797,13259424,694468,4014329,5385717,206387
311,2005/05,1.4,0.3,4.2,2.3,2.6,4.5,-2.9,0.6,7003169,10277921,4698447,13244064,692866,4005581,5374555,204919
312,2005/06,1.6,0.3,4.5,2.3,2.8,4.8,-3.1,0.9,7006819,10276257,4673544,13262434,686805,3986739,5372154,230559
313,2005/07,1.6,0.3,4.5,2.3,2.9,4.7,-3.2,3.6,7050604,10326224,4716281,13332337,696254,4020027,5369497,240446
314,2005/08,1.6,0.2,4.4,2.2,2.7,4.7,-3.3,3.3,7043747,10306222,4700444,13325045,694569,4005875,5361123,244655
315,2005/09,2,0.5,5,2.4,2.4,5.5,-3.2,2.3,7046184,10294571,4715152,13334509,692970,4022182,5342692,236727
316,2005/10,1.9,0.4,5,2.2,2.7,5.4,-3.2,-3.2,7021746,10261250,4728972,13314035,694530,4034442,5316785,215493
317,2005/11,2,0.5,5.1,2.3,2.9,5.5,-3.4,3.3,7036014,10264694,4732656,13331945,695917,4036739,5299031,233007
318,2005/12,1.9,0.3,5.1,2.1,2.9,5.5,-3.7,1,7089899,10321464,4838092,13420685,719134,4118958,5263676,219696
319,2006/01,1.8,0.2,4.9,2.1,3.1,5.3,-3.9,3.4,7087795,10312859,4835801,13453427,717251,4118550,5251734,225324
320,2006/02,1.7,0.1,5,2.3,3.1,5.4,-4.1,2.3,7037961,10248303,4793446,13454130,704017,4089429,5229330,225527
321,2006/03,1.4,-0.1,4.5,2.4,2.6,4.9,-4.2,2.3,7061195,10253653,4845297,13518731,708555,4136742,5192956,215400
322,2006/04,1.6,0.1,4.6,3.3,1.9,5.1,-4,3.9,7129110,10312459,4926585,13696487,707690,4218895,5171516,214358
323,2006/05,1.3,-0.1,4.1,3.9,2.1,4.5,-3.8,-0.9,7093181,10266187,4891293,13762290,707077,4184216,5171837,203057
324,2006/06,1.1,-0.2,3.8,3.9,1.9,4.1,-3.5,-4.7,7085888,10256739,4851551,13778326,700193,4151358,5185541,219647
325,2006/07,0.5,-0.7,3.1,3.5,1.5,3.3,-3.5,-10.6,7085186,10259062,4861000,13798755,706606,4154394,5183202,214860
326,2006/08,0.4,-0.7,2.4,3.5,1.7,2.5,-3,-10.2,7073070,10232583,4813666,13795980,706515,4107151,5199201,219716
327,2006/09,0.5,-0.7,1.6,3.6,1.5,1.7,-2.5,-4.1,7081933,10227379,4792678,13818641,703248,4089430,5207565,227136
328,2006/10,0.5,-0.7,1,3.7,1.4,0.9,-2.2,2,7059775,10193077,4774935,13806952,704472,4070463,5198234,219908
329,2006/11,0.6,-0.6,0.6,3.8,1.3,0.4,-1.9,3.3,7078251,10199453,4760117,13841012,705216,4054901,5198689,240647
330,2006/12,0.7,-0.6,0.1,3.8,1,-0.1,-1.4,4.2,7137934,10262705,4842423,13936573,726368,4116055,5191380,228902
331,2007/01,0.9,-0.4,0,3.8,1.1,-0.2,-0.9,2.9,7151423,10269517,4835774,13968521,725472,4110302,5201949,231794
332,2007/02,1,-0.3,0.1,3.6,1.5,-0.2,-0.8,2.2,7108923,10214947,4796733,13934409,714536,4082197,5187834,230380
333,2007/03,1.1,-0.2,0,3.3,1.4,-0.3,-0.5,3.1,7138415,10229372,4842888,13967113,718643,4124245,5164430,222054
334,2007/04,1.1,-0.2,-0.4,2.9,1.5,-0.8,0.1,-0.3,7210967,10295409,4905360,14092027,718161,4187199,5176374,213675
335,2007/05,1.4,0,-0.4,2.7,1.3,-0.7,0.5,0.1,7195192,10269955,4871488,14131718,716039,4155449,5195256,203211
336,2007/06,1.8,0.3,-0.2,3,1.7,-0.5,0.6,5.8,7216367,10291129,4843916,14185790,712402,4131514,5214927,232286
337,2007/07,2,0.5,-0.3,3.1,1.7,-0.7,1,5.4,7228811,10305992,4845973,14228132,718607,4127366,5233623,226396
338,2007/08,1.8,0.3,-0.5,3,1.4,-0.9,0.8,6.3,7198156,10263032,4787946,14203971,716555,4071391,5241606,233480
339,2007/09,1.7,0.3,-0.4,2.9,1.6,-0.7,0.7,3,7201921,10253260,4775824,14218599,714211,4061613,5243551,233885
340,2007/10,1.9,0.6,0.3,3.1,1.4,0.1,0.7,4.5,7193436,10252662,4788071,14241595,714559,4073512,5234760,229831
341,2007/11,2,0.6,0.4,3.2,1.4,0.2,0.9,-0.4,7220662,10262895,4780228,14278342,715421,4064807,5243086,239581
342,2007/12,2.1,0.7,0.5,3.1,1.4,0.4,0.9,-1.9,7285588,10331481,4867839,14371379,736177,4131662,5239200,224442
343,2008/01,2.1,0.7,0.3,3.1,1.1,0.2,1.2,-1.7,7304457,10343418,4851690,14406398,733762,4117928,5263798,227930
344,2008/02,2.4,0.9,0,3.2,0.9,-0.1,1.6,2.2,7276617,10301876,4797076,14382475,720801,4076275,5269252,235548
345,2008/03,2.3,0.8,-0.3,3.1,0.6,-0.4,1.8,1.6,7299474,10309911,4829330,14402284,723247,4106083,5255021,225560
346,2008/04,1.9,0.5,-0.8,2.3,0.4,-1.1,1.5,7,7345919,10347836,4864131,14409901,720968,4143163,5255081,228624
347,2008/05,2.1,0.7,-0.6,1.7,0.6,-0.8,1.5,10.8,7342982,10338815,4840418,14377082,720222,4120196,5273340,225057
348,2008/06,2.2,0.9,-0.3,1.7,0.4,-0.5,1.7,7.1,7378298,10380818,4828036,14430195,715288,4112748,5304071,248711
349,2008/07,2.1,0.8,-0.8,1.5,0.4,-1,2,5.4,7381435,10383576,4809246,14442984,721159,4088087,5335722,238608
350,2008/08,2.4,1,-0.3,1.6,0.6,-0.4,2,4.8,7371732,10366872,4775265,14429619,720924,4054341,5346902,244705
351,2008/09,2.2,0.9,-0.5,1.3,0.2,-0.6,2,5.4,7358569,10347253,4752361,14397047,715732,4036629,5348363,246529
352,2008/10,1.8,0.5,-1.1,0.7,0.7,-1.4,2,0.1,7325322,10308665,4737539,14346209,719273,4018266,5341055,230071
353,2008/11,1.8,0.6,-0.7,0.6,0.8,-1,2.1,-2.9,7349960,10329259,4744740,14367153,721230,4023510,5352004,232515
354,2008/12,1.8,0.7,-1,0.5,0.4,-1.3,2.4,0.9,7417325,10406445,4817550,14443093,738887,4078663,5362533,226362
355,2009/01,2,0.9,-0.8,0.5,0.4,-1,2.5,1.5,7447359,10437570,4812656,14471364,736545,4076111,5393552,231362
356,2009/02,2.1,1.2,-0.3,0.6,0.6,-0.4,2.5,1,7432345,10421260,4782966,14468497,724979,4057987,5400282,238012
357,2009/03,2.2,1.3,0,0.8,0.7,-0.1,2.5,0.6,7462845,10445322,4830179,14523296,728573,4101606,5388121,227022
358,2009/04,2.7,1.7,0.5,0.9,0.8,0.5,2.7,3,7542195,10523923,4890494,14542305,726630,4163864,5398030,235399
359,2009/05,2.7,1.8,0.8,0.6,1,0.7,2.7,1.7,7539544,10520476,4877091,14461774,727697,4149394,5414525,228860
360,2009/06,2.5,1.7,0.5,0.4,0.9,0.5,2.8,-0.6,7564651,10555491,4853623,14492197,721880,4131743,5454653,247215
361,2009/07,2.7,1.9,0.6,0.5,0.9,0.6,3,4.1,7581721,10581550,4838206,14518889,727305,4110901,5494842,248502
362,2009/08,2.8,2,0.7,0.6,0.7,0.7,3.1,2.5,7579114,10576771,4810780,14516388,726192,4084588,5515232,250759
363,2009/09,3,2.1,0.9,0.7,1.1,0.8,3.1,4.1,7577582,10564571,4793777,14502076,723565,4070212,5514116,256678
364,2009/10,3.4,2.4,1.1,1.1,0.6,1.2,3.2,10.7,7574488,10557680,4791813,14501121,723618,4068195,5511154,254713
365,2009/11,3.3,2.4,1.1,1.1,0.4,1.2,3,14,7592868,10574794,4797026,14518846,724068,4072958,5512685,265083
366,2009/12,3.1,2.2,1,1.2,0.4,1.1,2.8,13.5,7644352,10635184,4866683,14610808,741834,4124849,5511622,256879
367,2010/01,3,2.2,1.1,1.4,0.5,1.2,2.7,11.8,7668556,10662085,4866638,14674379,740248,4126390,5536800,258647
368,2010/02,2.7,2,0.9,1.2,0.8,0.9,2.5,11.6,7635656,10628685,4825172,14641366,731093,4094079,5537891,265622
369,2010/03,2.7,1.9,1,0.8,0.9,1,2.3,15,7662193,10648782,4878014,14635390,735484,4142530,5509778,260990
370,2010/04,2.9,2.1,1.5,1.5,1.4,1.5,2,18.5,7759675,10749117,4964280,14761687,736947,4227333,5505848,278989
371,2010/05,3.1,2.3,1.9,2.5,1.2,2.1,1.9,19.8,7773641,10763798,4971991,14823943,736778,4235213,5517701,274106
372,2010/06,2.9,2.2,1.7,2.3,1.2,1.8,1.6,23.5,7784280,10784515,4935095,14830862,730676,4204419,5544149,305271
373,2010/07,2.7,2.1,2.1,2.2,1.4,2.2,1.1,23.3,7788079,10799075,4937696,14835244,737462,4200234,5554968,306411
374,2010/08,2.8,2.1,2.2,2.2,1.4,2.3,0.8,28.2,7789657,10797344,4916443,14831385,736554,4179889,5559333,321568
375,2010/09,2.8,2.1,2.4,2.2,1.3,2.6,0.7,28.6,7788638,10789465,4908660,14825070,733044,4175616,5550687,330118
376,2010/10,2.8,2.1,3,2.2,1.8,3.2,0.3,27,7784699,10784091,4933890,14821102,736735,4197155,5526785,323416
377,2010/11,2.6,2,2.9,2.1,2,3,0.1,25.1,7788978,10786221,4935395,14827531,738432,4196963,5519229,331597
378,2010/12,2.3,1.8,3,1.7,2.1,3.2,-0.1,20.4,7822875,10829365,5014790,14865798,757566,4257224,5505290,309285
379,2011/01,2.3,1.8,3.2,1.4,2.2,3.4,-0.4,20.9,7843991,10852541,5023680,14876671,756209,4267471,5516138,312723
380,2011/02,2.4,1.8,3.6,1.4,2.5,3.8,-0.5,17.7,7818290,10822493,4996971,14845262,749295,4247676,5512827,312695
381,2011/03,2.6,2,4.2,1.7,2.8,4.4,-0.4,9.6,7860811,10857475,5082649,14880489,756415,4326234,5488671,286155
382,2011/04,2.7,2.1,5.1,1.5,2.6,5.5,-0.4,-0.7,7970763,10976124,5217948,14983895,756240,4461708,5481142,277034
383,2011/05,2.7,2.1,4.8,1.1,2.2,5.3,-0.3,1.9,7983201,10994798,5212867,14982509,753266,4459601,5502684,279247
384,2011/06,2.8,2.3,5,1.2,2.5,5.4,-0.2,3.7,8005162,11027795,5180261,15009391,748649,4431612,5530933,316601
385,2011/07,2.9,2.4,5.2,1.3,2.4,5.7,-0.2,3.6,8017214,11055295,5194483,15021921,755522,4438961,5543274,317538
386,2011/08,2.7,2.2,5,1,2.4,5.5,-0.1,-0.7,7997234,11034139,5163885,14985895,754277,4409608,5551060,319194
387,2011/09,2.7,2.3,5.2,1,2.6,5.7,0,-3.6,8000077,11033800,5164725,14975991,751875,4412850,5550877,318198
388,2011/10,2.8,2.3,5.1,1,2.4,5.6,0.2,-3.8,8002828,11036569,5185731,14966937,754144,4431587,5539865,310973
389,2011/11,3,2.5,5.2,1,2.3,5.7,0.3,-0.6,8024423,11057260,5190333,14968616,755578,4434755,5537266,329661
390,2011/12,3.1,2.6,5.3,0.9,2.3,5.8,0.4,-0.6,8069214,11114608,5280186,15003428,775298,4504888,5527042,307380
391,2012/01,3,2.6,5.1,0.9,2.2,5.6,0.5,-1.2,8082743,11132822,5279252,15003467,773110,4506142,5544661,308909
392,2012/02,2.9,2.5,4.9,0.8,2.1,5.4,0.5,-0.9,8047690,11095882,5242851,14959865,764877,4477974,5543102,309929
393,2012/03,3,2.6,4.4,0.8,1.9,4.8,0.6,6.7,8092707,11135445,5306402,14992468,770479,4535923,5523610,305433
394,2012/04,2.6,2.3,3.4,0.7,2,3.6,0.7,12.7,8178578,11228021,5394377,15084100,771609,4622768,5521463,312181
395,2012/05,2.2,1.9,2.9,0.5,2.2,3.1,0.5,10.7,8157056,11204900,5366404,15059700,769753,4596651,5529479,309017
396,2012/06,2.3,1.9,3.3,0.5,2.5,3.4,0.4,7.3,8185426,11242070,5350671,15081486,767277,4583394,5551837,339562
397,2012/07,2.3,1.9,3,0.5,2.5,3.1,0.6,7.4,8199760,11269945,5352006,15092132,774355,4577651,5576929,341010
398,2012/08,2.4,2.1,3.4,0.6,2.7,3.5,0.6,6,8191274,11261725,5337947,15074197,774778,4563169,5585313,338465
399,2012/09,2.4,2.1,3.6,0.6,2.7,3.7,0.6,3.1,8192726,11261178,5349706,15066517,771818,4577888,5583254,328218
400,2012/10,2.3,2,3.3,0.5,2.7,3.4,0.6,5.2,8183764,11253832,5354644,15048835,774143,4580501,5572159,327029
401,2012/11,2.1,1.9,3.2,0.6,2.8,3.2,0.6,3.1,8193913,11262758,5354750,15051726,776833,4577917,5568071,339937
402,2012/12,2.6,2.2,3.3,1,2.8,3.4,0.8,7.1,8276923,11358541,5456691,15146548,797374,4659317,5572761,329089
403,2013/01,2.7,2.3,3.6,1.1,3.1,3.6,0.8,6.2,8299554,11385130,5467312,15171650,797297,4670015,5589820,327998
404,2013/02,2.9,2.4,3.8,1.3,3,4,0.8,7.7,8282805,11365785,5444604,15150081,787715,4656889,5587456,333725
405,2013/03,3,2.5,4,1.4,2.8,4.3,0.8,6.1,8338735,11414268,5520683,15201574,791802,4728881,5569671,323914
406,2013/04,3.2,2.6,4,1.9,2.8,4.2,1,6.3,8437335,11516195,5608485,15375154,792893,4815592,5575952,331758
407,2013/05,3.5,2.8,4.4,2.6,3,4.7,1.1,4.3,8440305,11518374,5603539,15453738,792934,4810605,5592494,322341
408,2013/06,3.8,3.1,5.2,2.9,3.1,5.5,1.2,-0.1,8496379,11585000,5627126,15525045,790808,4836318,5618752,339122
409,2013/07,3.7,3,5.3,3,2.9,5.6,1.1,-1.8,8505401,11608340,5633167,15541061,797065,4836102,5640292,334881
410,2013/08,3.8,3,5.2,3,3.1,5.6,1.2,-0.2,8498909,11602679,5615221,15532775,798493,4816728,5649746,337712
411,2013/09,3.8,3.1,5.1,3.2,3.1,5.5,1.1,3.8,8507913,11610682,5624546,15541995,795957,4828589,5645445,340691
412,2013/10,4.1,3.3,5.5,3.4,3.2,5.9,1.2,3.1,8520882,11625774,5649505,15563456,798884,4850621,5639117,337152
413,2013/11,4.3,3.5,5.8,3.7,3.4,6.2,1.2,5.6,8550157,11655386,5664121,15604762,802912,4861209,5632210,359055
414,2013/12,4.2,3.4,5.7,3.7,3.4,6.1,1,5.4,8627674,11745546,5769353,15706325,824527,4944826,5629294,346899
415,2014/01,4.3,3.5,5.9,3.7,3.5,6.3,0.9,6.4,8658882,11778517,5789015,15739677,825006,4964009,5640501,349001
416,2014/02,4,3.2,5.4,3.6,3.5,5.7,0.9,4.1,8611077,11726815,5739022,15689995,815234,4923788,5640324,347469
417,2014/03,3.5,2.9,5,3.3,3.8,5.2,0.7,2.9,8634439,11739845,5798442,15710549,821584,4976858,5608028,333375
418,2014/04,3.4,2.8,5,3.2,3.3,5.3,0.6,1.7,8728308,11835518,5888099,15869268,818789,5069310,5610107,337312
419,2014/05,3.3,2.6,4.7,3,3.4,5,0.5,4.1,8716091,11823445,5869597,15920924,819825,5049772,5618149,335699
420,2014/06,3,2.5,4.3,2.9,3.4,4.4,0.4,6.8,8753539,11872062,5868525,15975440,817541,5050984,5641247,362290
421,2014/07,3,2.4,4,2.9,3.4,4.1,0.4,9.5,8757077,11891727,5859524,15997890,824324,5035200,5665531,366672
422,2014/08,3,2.5,4.2,3,3.6,4.3,0.4,8.3,8751629,11887733,5851045,16000841,826856,5024189,5670855,365833
423,2014/09,3,2.5,4.2,3.1,3.6,4.3,0.4,9.1,8767152,11901050,5860154,16031115,824379,5035775,5669171,371725
424,2014/10,3.1,2.6,4.3,3.2,3.6,4.4,0.5,9.8,8788034,11927419,5889989,16061880,827933,5062056,5667198,370232
425,2014/11,3.6,2.9,4.8,3.4,3.7,5,0.7,7.5,8854000,11993459,5936954,16133149,833008,5103946,5670592,385913
426,2014/12,3.5,2.9,4.6,3.3,3.6,4.8,0.7,9.2,8931353,12085313,6036426,16229240,854089,5182337,5669951,378936
427,2015/01,3.3,2.8,4.4,3.1,3.6,4.5,0.8,8.7,8946578,12104783,6042467,16233222,855102,5187365,5682848,379468
428,2015/02,3.5,2.9,4.9,3.1,3.8,5,0.7,5.2,8908583,12065566,6018812,16178941,846570,5172242,5681060,365694
429,2015/03,3.6,3,5,3.2,3.7,5.2,0.8,5.7,8943131,12093214,6085831,16213194,851957,5233874,5655007,352376
430,2015/04,3.6,3,4.9,3.5,4.3,5,0.9,4,9040704,12191441,6178161,16423802,853669,5324492,5662442,350838
431,2015/05,4.1,3.3,5.6,4,4.6,5.8,0.9,3.4,9070027,12215160,6201155,16557689,857156,5343999,5666861,347144
432,2015/06,3.8,3.1,5.4,3.9,4.7,5.5,0.8,2.5,9090087,12244585,6185020,16601329,856243,5328777,5688065,371500
433,2015/07,3.9,3.2,5.6,3.9,5.1,5.6,0.7,3,9102447,12271255,6185561,16629283,866576,5318985,5707854,377840
434,2015/08,4.1,3.3,5.6,4,5.3,5.7,0.9,3.8,9112081,12281934,6181187,16642449,870557,5310630,5721021,379726
435,2015/09,3.8,3,5.3,3.7,5.8,5.2,0.8,2.1,9096904,12263554,6170147,16622670,872119,5298028,5714018,379389
436,2015/10,3.6,2.9,5.3,3.5,6.1,5.2,0.5,1.6,9105777,12273462,6202103,16630328,878248,5323855,5695163,376196
437,2015/11,3.3,2.7,4.8,3.3,6.2,4.6,0.5,2.3,9145928,12313182,6221647,16668885,884439,5337208,5696700,394835
438,2015/12,3.1,2.5,4.5,3.2,6.3,4.2,0.3,3.3,9206476,12386000,6305980,16740912,907862,5398118,5688621,391399
439,2016/01,3.1,2.5,4.5,3.3,6.4,4.1,0.4,3.5,9226554,12411437,6311912,16763628,910020,5401892,5706947,392578
440,2016/02,3.1,2.5,4.7,3.2,6.7,4.4,0.3,-0.3,9183408,12367839,6304091,16694726,902929,5401162,5698975,364773
441,2016/03,3,2.5,5.4,3,6.7,5.2,0,-7.9,9214352,12393702,6413357,16697719,908995,5504362,5655753,324592
442,2016/04,3.3,2.7,6.7,2.4,6.8,6.7,-0.6,-14.4,9337483,12520875,6591042,16821748,911885,5679157,5629458,300375
443,2016/05,3.3,2.8,6.8,1.8,6.4,6.8,-0.5,-14.1,9368340,12555159,6620864,16849929,911632,5709232,5635979,298316
444,2016/06,3.3,2.9,7.1,1.6,6.1,7.2,-0.8,-12.1,9394599,12594721,6623091,16868379,908758,5714333,5644905,326725
445,2016/07,3.3,2.9,7.5,1.5,5.9,7.8,-1,-14.6,9404959,12623788,6651193,16876622,917462,5733731,5649970,322625
446,2016/08,3.2,2.8,7.5,1.4,5.6,7.9,-1.2,-15.3,9399942,12621687,6647099,16877482,919504,5727595,5652986,321602
447,2016/09,3.4,3,7.9,1.6,5.2,8.3,-1.2,-14.5,9407430,12625523,6656996,16885866,917500,5739496,5644117,324410
448,2016/10,3.6,3.1,8.2,1.7,4.9,8.8,-1.3,-16.9,9429381,12649217,6713560,16906802,921598,5791962,5623086,312571
449,2016/11,3.8,3.3,8.7,1.9,4.6,9.4,-1.3,-16.7,9494509,12716022,6764869,16984260,924857,5840012,5622412,328741
450,2016/12,3.9,3.3,9.1,2.1,4.4,9.9,-1.5,-19.1,9563427,12800804,6878435,17094339,948062,5930373,5605814,316555
451,2017/01,3.9,3.4,9.5,2.2,4.3,10.4,-1.8,-19.4,9590487,12833922,6912194,17134428,949567,5962627,5605139,316589
452,2017/02,4.1,3.5,9.5,2.4,4.4,10.3,-1.9,-14.7,9561292,12803148,6900633,17094057,943034,5957599,5591193,311322
453,2017/03,4.2,3.5,8.7,2.5,4.4,9.4,-1.8,-5.8,9597629,12832462,6972738,17119557,949163,6023575,5553848,305876
454,2017/04,3.9,3.3,7.7,2.7,4.2,8.3,-1.7,1.2,9702896,12938605,7101689,17269514,950455,6151234,5532890,304026
455,2017/05,3.8,3.2,7.6,3,4.4,8.1,-1.6,-1.8,9723663,12961343,7124084,17347208,952054,6172030,5544299,292960
456,2017/06,3.9,3.3,7.6,3.2,4.6,8.1,-1.5,-1.2,9763583,13013826,7129497,17404144,950478,6179019,5561526,322803
457,2017/07,4,3.4,7.5,3.5,4.5,8,-1.3,0.2,9781486,13047848,7150693,17460384,959053,6191640,5573861,323294
458,2017/08,4,3.4,7.5,3.5,4.7,7.9,-1.3,-0.4,9776216,13045399,7142856,17474791,962492,6180364,5582229,320314
459,2017/09,4,3.4,7.6,3.6,4.7,8.1,-1.3,-0.6,9788225,13057024,7166146,17489754,960605,6205541,5568566,322312
460,2017/10,4.1,3.4,7.5,3.6,4.7,7.9,-1.2,-0.3,9813059,13083945,7217045,17521102,965326,6251719,5555250,311650
461,2017/11,4,3.4,7.4,3.5,4.8,7.8,-1.2,0.3,9874847,13145797,7263113,17575856,969636,6293477,5552948,329736
462,2017/12,3.6,3.1,6.8,3,4.5,7.2,-1.3,-0.1,9905721,13192095,7345538,17609228,990889,6354649,5530437,316120
463,2018/01,3.4,2.9,6.7,2.8,4.5,7,-1.5,-0.9,9917009,13206997,7371927,17615547,992386,6379541,5521380,313690
464,2018/02,3.2,2.7,6.3,2.5,4.5,6.6,-1.4,-2.1,9865773,13152045,7337047,17528046,985695,6351352,5510316,304682
465,2018/03,3.1,2.6,6.2,2.4,4.3,6.5,-1.5,-4.8,9890903,13169126,7406615,17524970,989655,6416960,5471292,291219
466,2018/04,3.2,2.7,6.3,2.5,4.3,6.6,-1.4,-3.7,10010867,13292729,7545588,17700076,991187,6554401,5454473,292668
467,2018/05,3.2,2.7,6.2,2.4,4,6.5,-1.4,-3.9,10031511,13312552,7565323,17768322,990460,6574863,5465651,281578
468,2018/06,3.1,2.7,6.5,2.3,4.2,6.9,-1.7,-7.2,10066296,13360470,7593071,17801630,989995,6603076,5467789,299610
469,2018/07,2.9,2.5,6.3,2,4,6.7,-1.9,-5.5,10068028,13379294,7603904,17818225,997324,6606580,5470036,305354
470,2018/08,2.9,2.5,6.3,1.9,3.8,6.7,-2,-4.3,10056582,13370132,7591960,17810971,999273,6592687,5471531,306641
471,2018/09,2.8,2.5,6.2,1.9,3.9,6.6,-2,-4.1,10065900,13378670,7610156,17820009,997874,6612282,5459371,309143
472,2018/10,2.7,2.3,5.8,1.8,3.7,6.2,-2,-2.5,10074396,13388535,7639033,17827937,1000641,6638392,5445620,303882
473,2018/11,2.3,2.1,5.5,1.6,3.5,5.8,-2.1,-3.3,10105049,13419958,7664868,17850378,1003606,6661262,5436262,318828
474,2018/12,2.4,2.1,5.4,1.6,3.4,5.7,-1.9,-5,10142429,13469683,7742591,17889378,1024489,6718102,5426880,300212
475,2019/01,2.3,2,5.2,1.5,3.3,5.5,-1.7,-5.3,10147973,13477055,7754561,17886874,1024662,6729899,5425301,297193
476,2019/02,2.4,2.1,5.4,1.7,3.1,5.7,-2,-4.1,10097697,13423539,7730901,17832603,1016323,6714578,5400523,292115
477,2019/03,2.4,2.1,5.5,1.9,3.1,5.9,-2.1,-6.7,10125050,13440891,7813445,17860171,1020662,6792783,5355613,271833
478,2019/04,2.4,2.1,5.7,1.8,3.5,6,-2.3,-9.4,10252191,13567501,7974190,18013510,1025999,6948191,5328218,265093
479,2019/05,2.5,2.2,5.9,1.6,3.5,6.3,-2.5,-6.9,10286310,13602690,8012372,18057372,1025168,6987204,5328284,262034
480,2019/06,2.2,1.9,5,1.5,2.6,5.4,-2.2,-1.9,10289611,13616152,7975402,18069005,1015404,6959998,5346721,294029
481,2019/07,2.2,1.9,4.8,1.5,2.4,5.2,-1.9,-2.5,10290435,13631830,7970276,18090680,1021075,6949201,5363852,297702
482,2019/08,2.3,1.9,5,1.5,2.4,5.4,-2,-4.6,10284205,13626135,7970276,18080553,1023296,6946980,5363416,292443
483,2019/09,2.3,1.9,5,1.5,2.2,5.5,-2.1,-3.7,10295668,13634939,7993063,18089266,1019891,6973172,5344090,297786
484,2019/10,2.3,1.9,5,1.5,1.9,5.5,-2.2,-3.7,10304091,13643724,8023157,18102987,1020134,7003023,5327923,292644
485,2019/11,2.6,2.1,5.5,1.8,1.9,6,-2.2,-3.9,10365381,13706709,8082871,18169756,1022669,7060202,5317317,306521
486,2019/12,2.6,2.2,5.7,1.9,1.8,6.2,-2.6,-1.9,10404214,13762321,8180068,18232791,1042840,7137228,5287726,294527
487,2020/01,2.6,2.2,5.8,2.1,2,6.4,-2.7,-2.7,10416148,13775113,8205470,18253920,1044918,7160552,5280465,289178
488,2020/02,2.8,2.4,6,2.2,1.9,6.6,-2.6,-1.4,10384810,13740459,8191377,18233348,1035723,7155654,5260924,288158
489,2020/03,3.1,2.6,6.2,2.4,1.7,6.8,-2.6,1.6,10442899,13790749,8295745,18293797,1038010,7257735,5218845,276159
490,2020/04,3.7,3,7.1,2.4,1.7,7.9,-2.9,-0.1,10630037,13978017,8539371,18451382,1043803,7495568,5173841,264805
491,2020/05,5.1,4.2,9.2,3.1,2.5,10.2,-2.8,-7.4,10812699,14170023,8750740,18609036,1050824,7699916,5176519,242764
492,2020/06,7.3,5.9,12.3,4.4,4.6,13.5,-2.7,-9.8,11036494,14425302,8958961,18863032,1062279,7896682,5201174,265167
493,2020/07,7.9,6.5,13.2,4.8,5.5,14.3,-2.6,-5.6,11102775,14524277,9019974,18952354,1077484,7942490,5223311,280992
494,2020/08,8.6,7.1,14,5.2,5.5,15.3,-2.5,-4.7,11168053,14599821,9089419,19022687,1079153,8010266,5231786,278616
495,2020/09,9,7.5,14.3,5.4,5.7,15.5,-2.1,-3.5,11219593,14652371,9134814,19074701,1077732,8057082,5230131,287426
496,2020/10,9,7.5,14.1,5.4,6,15.2,-2,2.1,11232567,14671488,9152514,19089004,1081594,8070920,5220158,298816
497,2020/11,9.1,7.6,14,5.5,6,15.2,-2.1,5.8,11306001,14747880,9217980,19164760,1084236,8133744,5205559,324341
498,2020/12,9.2,7.6,13.9,5.5,5.7,15.1,-2.1,9.3,11359680,14813455,9314014,19233451,1102279,8211735,5177415,322026
499,2021/01,9.4,7.9,14.3,5.6,5.7,15.6,-2.2,9.2,11400194,14860492,9379439,19283353,1104297,8275142,5165150,315903
500,2021/02,9.6,8.1,14.6,5.7,6.1,15.8,-2.2,7.8,11384748,14846612,9388262,19271147,1099087,8289175,5147810,310540
501,2021/03,9.5,8,14.1,5.6,6.2,15.3,-2.1,15.8,11436375,14895043,9467804,19310782,1102217,8365587,5107553,319686
502,2021/04,9.3,7.9,13.1,6.7,5.7,14.2,-1.8,27.8,11617797,15082268,9661557,19681004,1103518,8558039,5082346,338365
503,2021/05,8,6.9,11.4,7.1,5.1,12.3,-2,33.1,11675413,15145502,9747587,19928903,1104096,8643491,5074752,323163
504,2021/06,5.9,5.2,8.6,5.8,3.9,9.2,-2.3,38.1,11690901,15176271,9728780,19950916,1103314,8625466,5081393,366098
505,2021/07,5.3,4.6,8,5.4,3.3,8.7,-2.6,30.3,11690056,15195437,9744263,19970340,1112590,8631673,5085130,366044
506,2021/08,4.7,4.1,7.3,5,3.2,7.8,-2.9,31.3,11688405,15198803,9752890,19974606,1114050,8638840,5079977,365936
507,2021/09,4.2,3.7,6.9,4.8,3.3,7.4,-3,24,11691501,15200540,9769516,19989241,1112936,8656580,5074634,356390
508,2021/10,4.2,3.7,7.2,4.8,3.2,7.8,-3.2,17.3,11705647,15218135,9814220,20011250,1116689,8697531,5053388,350527
509,2021/11,4,3.5,7.1,4.7,3.3,7.6,-3.2,10.6,11756672,15269876,9870813,20057404,1120366,8750447,5040406,358657
510,2021/12,3.7,3.3,6.8,4.5,3.3,7.3,-3.1,6.2,11782086,15309517,9951946,20100047,1138999,8812947,5015461,342110
511,2022/01,3.6,3.3,6.6,4.3,3.3,7,-3.1,8.2,11813179,15344038,9996112,20112182,1140374,8855738,5006136,341790
512,2022/02,3.6,3.2,6.4,4.1,3,6.8,-3.1,10.4,11789009,15318344,9986690,20052554,1132597,8854093,4988837,342817
513,2022/03,3.5,3.1,6.3,4.2,3.2,6.7,-2.9,6.5,11833171,15359322,10059651,20113437,1137532,8922119,4959186,340485
514,2022/04,3.4,3.1,6,4,3.3,6.4,-2.6,6.3,12018499,15551700,10241465,20469044,1139880,9101585,4950481,359754
515,2022/05,3.1,2.9,5.5,3.4,3.2,5.8,-2.5,8.2,12042833,15578980,10283414,20611901,1139688,9143726,4945905,349661
516,2022/06,3.3,2.9,5.6,3.5,3.1,5.9,-2.3,4.8,12078178,15623264,10275588,20655717,1137506,9138082,4963924,383752
517,2022/07,3.4,3,5.6,3.7,2.9,5.9,-2.1,5,12088016,15648341,10287868,20707702,1144796,9143072,4975962,384511
518,2022/08,3.4,3,5.5,3.8,2.9,5.9,-2.1,4,12088202,15649767,10293335,20733021,1146599,9146736,4975705,380727
519,2022/09,3.3,2.8,5.3,3.8,2.9,5.6,-2.2,6.2,12075500,15632476,10289398,20741760,1145554,9143844,4964472,378606
520,2022/10,3.1,2.6,5,3.6,2.8,5.2,-2,4.8,12064408,15619677,10300549,20727062,1147612,9152937,4951774,367354
521,2022/11,3.1,2.7,5,3.5,2.6,5.3,-1.6,-1.2,12124935,15677345,10363893,20763807,1149828,9214065,4959027,354425
522,2022/12,2.9,2.5,4.8,3.3,2.6,5,-1.4,-5.4,12128301,15693481,10425610,20767400,1168296,9257314,4944164,323707
523,2023/01,2.7,2.3,4.5,3.3,2.5,4.8,-1.3,-9.5,12132455,15696317,10448504,20776237,1169255,9279249,4938565,309248
524,2023/02,2.6,2.2,4.3,3.5,2.3,4.6,-1.4,-10.5,12091386,15648243,10420143,20746305,1158650,9261493,4921351,306749
525,2023/03,2.5,2.1,4.4,3.4,1.8,4.8,-1.6,-12.5,12134406,15681922,10505299,20795753,1158138,9347161,4878626,297997
526,2023/04,2.6,2.1,4.4,2.7,1.5,4.8,-1.8,-11.5,12326939,15873481,10696137,21018684,1157015,9539122,4858902,318442
527,2023/05,2.6,2.1,4.4,2.3,1.3,4.8,-1.7,-11.3,12360428,15904516,10734206,21085728,1154957,9579249,4860004,310306
528,2023/06,2.6,2,4.3,2.4,1.1,4.7,-1.5,-13.7,12392324,15942425,10719688,21153837,1150142,9569546,4891467,331270
529,2023/07,2.5,1.9,4.1,2.3,0.9,4.5,-1.3,-15.1,12388936,15949800,10713085,21174231,1155383,9557702,4910436,326279
530,2023/08,2.5,1.9,4.2,2.1,0.8,4.6,-1.5,-17.1,12385266,15943646,10725889,21162009,1155804,9570085,4902275,315482
531,2023/09,2.4,1.8,4.2,2,0.6,4.7,-1.6,-17.9,12363619,15918249,10722400,21151997,1152002,9570398,4884965,310884
532,2023/10,2.4,1.8,4.1,2,0.4,4.6,-1.4,-18.8,12353137,15905213,10723802,21144990,1152143,9571659,4883181,298230
533,2023/11,2.3,1.7,3.8,1.9,0.2,4.3,-1.7,-12.9,12399055,15943279,10762053,21165217,1151588,9610465,4872603,308623
534,2023/12,2.3,1.7,3.8,2,-0.1,4.3,-2,-9.9,12409742,15962439,10826276,21178720,1167685,9658591,4844472,291691
535,2024/01,2.5,1.8,3.9,2.2,-0.3,4.5,-1.9,-10.2,12430886,15981678,10858690,21223500,1165574,9693116,4845426,277562
536,2024/02,2.4,1.8,3.9,2.1,-0.4,4.5,-1.9,-12.9,12387111,15928651,10831498,21179350,1154491,9677007,4829906,267247
537,2024/03,2.5,1.9,4,2,-0.6,4.6,-1.9,-12.4,12443081,15972247,10926868,21204090,1151705,9775163,4784262,261117
538,2024/04,2.2,1.6,3.6,2.7,-0.8,4.2,-1,-27.1,12599872,16125677,11085375,21581141,1147757,9937618,4808037,232265
539,2024/05,1.8,1.3,2.8,3.4,-1.2,3.3,-0.3,-26.6,12588848,16105928,11034350,21792760,1141369,9892981,4843954,227624
540,2024/06,1.5,1,2.5,3.2,-1.5,3,-0.6,-26.8,12574420,16094805,10988661,21829946,1132935,9855726,4863786,242358
541,2024/07,1.5,1,2.4,3.3,-1.9,2.9,-0.4,-26,12569139,16101589,10969025,21866351,1132948,9836077,4890988,241576
542,2024/08,1.3,0.8,2.2,3.2,-2.1,2.7,-0.6,-24,12548351,16074101,10961652,21841403,1131842,9829810,4872525,239924
543,2024/09,1.2,0.7,1.9,3.2,-2.2,2.3,-0.4,-20.4,12517047,16034743,10920864,21824179,1126191,9794673,4866356,247523
544,2024/10,1.2,0.7,1.5,3.2,-2.5,2,0.2,-20,12500641,16013877,10884697,21827063,1123840,9760857,4890701,238479
545,2024/11,1.2,0.7,1.4,3.4,-2.6,1.9,0.5,-20.2,12549271,16058938,10913656,21893955,1121340,9792316,4898989,246293
546,2024/12,1.3,0.8,1.3,3.6,-2.7,1.8,1,-19.2,12576036,16097395,10969519,21942494,1136303,9833216,4892053,235823
547,2025/01,1.3,0.8,1.1,3.5,-2.6,1.5,1.2,-17.2,12594584,16107730,10973524,21959466,1135095,9838429,4904289,229917
548,2025/02,1.2,0.7,0.8,3.4,-2.6,1.2,1.4,-18.4,12532312,16033407,10919164,21892853,1123968,9795196,4896038,218205
549,2025/03,0.8,0.4,0.1,3.3,-2.6,0.5,1.9,-18.1,12546125,16028951,10941288,21901304,1122103,9819185,4873709,213954
550,2025/04,0.5,0.1,-0.6,2.3,-2.6,-0.4,2,-5.4,12661783,16140771,11016430,22069738,1117879,9898551,4904506,219835
551,2025/05,0.6,0.2,-0.3,1.5,-2.4,-0.1,1.7,-6,12670431,16141611,10999562,22122702,1114052,9885510,4928041,214008
552,2025/06,0.8,0.4,-0.3,1.5,-2.1,-0.1,2.2,-5.6,12681276,16155376,10956687,22161904,1109404,9847283,4970015,228674
553,2025/07,1,0.6,-0.7,1.7,-1.8,-0.6,3.7,-6.6,12696115,16190668,10894655,22233545,1112682,9781973,5070479,225534
554,2025/08,1.3,0.8,-0.7,2,-1.6,-0.6,4.4,-3.4,12712303,16202080,10882193,22275348,1113894,9768299,5088027,231860
555,2025/09,1.5,1,-0.8,2.2,-1.5,-0.7,5.1,-2.8,12708428,16194229,10838397,22294617,1108760,9729637,5115118,240714
556,2025/10,1.6,1.1,-0.6,2.2,-1.4,-0.6,5,-0.6,12701945,16184789,10814821,22303879,1108277,9706544,5133004,236964
557,2025/11,1.7,1.2,-0.6,2.2,-1.2,-0.5,5,2.1,12766804,16244120,10850751,22377581,1108321,9742430,5141950,251419
558,2025/12,1.7,1.1,-0.5,2.1,-1.1,-0.5,4.9,-0.8,12789051,16274233,10909548,22411193,1123443,9786105,5130633,234052
559,2026/01,1.6,1,-0.5,2,-1.1,-0.4,4.4,0.6,12791117,16271984,10919592,22403504,1122747,9796845,5121055,231337
